[
  {
    "name": "theme_info",
    "theme_name": "xKeyx Gaming",
    "theme_version": "1.0.0",
    "theme_author": "xKeyx",
    "theme_documentation_url": "https://help.shopify.com/",
    "theme_support_url": "https://support.shopify.com/"
  },
  {
    "name": "Colors",
    "settings": [
      {
        "type": "header",
        "content": "General"
      },
      {
        "type": "color",
        "id": "colors_text",
        "default": "#111111",
        "label": "Text"
      },
      {
        "type": "color",
        "id": "colors_outline_button_labels",
        "default": "#111111",
        "label": "Outline button labels"
      },
      {
        "type": "color",
        "id": "colors_background_1",
        "default": "#ffffff",
        "label": "Background 1"
      },
      {
        "type": "color",
        "id": "colors_background_2",
        "default": "#f8f9fa",
        "label": "Background 2"
      },
      {
        "type": "color_background",
        "id": "gradient_background_1",
        "label": "Background 1 gradient"
      },
      {
        "type": "color_background",
        "id": "gradient_background_2",
        "label": "Background 2 gradient"
      },
      {
        "type": "header",
        "content": "Accent colors"
      },
      {
        "type": "color",
        "id": "colors_accent_1",
        "default": "#ff4db8",
        "label": "Accent 1"
      },
      {
        "type": "color_background",
        "id": "gradient_accent_1",
        "label": "Accent 1 gradient"
      },
      {
        "type": "color",
        "id": "colors_accent_2",
        "default": "#8b45ff",
        "label": "Accent 2"
      },
      {
        "type": "color_background",
        "id": "gradient_accent_2",
        "label": "Accent 2 gradient"
      },
      {
        "type": "header",
        "content": "Button colors"
      },
      {
        "type": "color",
        "id": "colors_solid_button_labels",
        "default": "#ffffff",
        "label": "Solid button labels"
      },
      {
        "type": "color",
        "id": "colors_outline_button_borders",
        "default": "#ff4db8",
        "label": "Outline button borders"
      }
    ]
  },
  {
    "name": "Typography",
    "settings": [
      {
        "type": "header",
        "content": "Headings"
      },
      {
        "type": "font_picker",
        "id": "type_header_font",
        "default": "assistant_n4",
        "label": "Font",
        "info": "Selecting a different font can affect the speed of your store. [Learn more about system fonts.](https://help.shopify.com/en/manual/online-store/os/store-speed/improving-speed#fonts)"
      },
      {
        "type": "range",
        "id": "heading_scale",
        "min": 100,
        "max": 150,
        "step": 5,
        "unit": "%",
        "label": "Font size scale",
        "default": 100
      },
      {
        "type": "header",
        "content": "Body text"
      },
      {
        "type": "font_picker",
        "id": "type_body_font",
        "default": "assistant_n4",
        "label": "Font",
        "info": "Selecting a different font can affect the speed of your store. [Learn more about system fonts.](https://help.shopify.com/en/manual/online-store/os/store-speed/improving-speed#fonts)"
      },
      {
        "type": "range",
        "id": "body_scale",
        "min": 100,
        "max": 130,
        "step": 5,
        "unit": "%",
        "label": "Font size scale",
        "default": 100
      }
    ]
  },
  {
    "name": "Layout",
    "settings": [
      {
        "type": "range",
        "id": "page_width",
        "min": 1000,
        "max": 1600,
        "step": 100,
        "default": 1200,
        "unit": "px",
        "label": "Page width"
      },
      {
        "type": "range",
        "id": "spacing_sections",
        "min": 0,
        "max": 100,
        "step": 4,
        "unit": "px",
        "label": "Spacing between sections",
        "default": 60
      },
      {
        "type": "header",
        "content": "Grid"
      },
      {
        "type": "range",
        "id": "spacing_grid_horizontal",
        "min": 4,
        "max": 40,
        "step": 4,
        "default": 24,
        "unit": "px",
        "label": "Horizontal spacing"
      },
      {
        "type": "range",
        "id": "spacing_grid_vertical",
        "min": 4,
        "max": 40,
        "step": 4,
        "default": 24,
        "unit": "px",
        "label": "Vertical spacing"
      }
    ]
  },
  {
    "name": "XPrime Settings",
    "settings": [
      {
        "type": "header",
        "content": "XPrime Subscription Service"
      },
      {
        "type": "checkbox",
        "id": "xprime_enabled",
        "default": true,
        "label": "Enable XPrime subscription service"
      },
      {
        "type": "text",
        "id": "xprime_price",
        "default": "€1.99",
        "label": "XPrime subscription price"
      },
      {
        "type": "range",
        "id": "xprime_discount_percentage",
        "min": 5,
        "max": 50,
        "step": 5,
        "unit": "%",
        "label": "XPrime discount percentage",
        "default": 20
      },
      {
        "type": "text",
        "id": "xprime_heading",
        "default": "SEAL+PASS",
        "label": "XPrime banner heading"
      },
      {
        "type": "textarea",
        "id": "xprime_description",
        "default": "Get access to exclusive games and discounts",
        "label": "XPrime banner description"
      },
      {
        "type": "url",
        "id": "xprime_signup_url",
        "label": "XPrime signup URL"
      }
    ]
  },
  {
    "name": "Product cards",
    "settings": [
      {
        "type": "select",
        "id": "card_style",
        "options": [
          {
            "value": "standard",
            "label": "Standard"
          },
          {
            "value": "card",
            "label": "Card"
          }
        ],
        "default": "card",
        "info": "Card style is used for product and collection cards.",
        "label": "Style"
      },
      {
        "type": "select",
        "id": "card_text_alignment",
        "options": [
          {
            "value": "left",
            "label": "Left"
          },
          {
            "value": "center",
            "label": "Center"
          },
          {
            "value": "right",
            "label": "Right"
          }
        ],
        "default": "left",
        "label": "Text alignment"
      },
      {
        "type": "select",
        "id": "card_color_scheme",
        "options": [
          {
            "value": "accent-1",
            "label": "Accent 1"
          },
          {
            "value": "accent-2",
            "label": "Accent 2"
          },
          {
            "value": "background-1",
            "label": "Background 1"
          },
          {
            "value": "background-2",
            "label": "Background 2"
          },
          {
            "value": "inverse",
            "label": "Inverse"
          }
        ],
        "default": "background-2",
        "label": "Color scheme"
      },
      {
        "type": "checkbox",
        "id": "show_vendor",
        "default": false,
        "label": "Show product vendor"
      },
      {
        "type": "checkbox",
        "id": "show_rating",
        "default": false,
        "label": "Show product rating",
        "info": "To display a rating, add a product rating app. [Learn more](https://help.shopify.com/manual/online-store/themes/theme-structure/theme-features#featured-collection-show-product-rating)"
      },
      {
        "type": "select",
        "id": "badge_position",
        "options": [
          {
            "value": "bottom-left",
            "label": "Bottom left"
          },
          {
            "value": "bottom-right",
            "label": "Bottom right"
          },
          {
            "value": "top-left",
            "label": "Top left"
          },
          {
            "value": "top-right",
            "label": "Top right"
          }
        ],
        "default": "top-left",
        "label": "Badge position"
      },
      {
        "type": "header",
        "content": "Card border"
      },
      {
        "type": "range",
        "id": "card_border_thickness",
        "min": 0,
        "max": 24,
        "step": 1,
        "unit": "px",
        "label": "Thickness",
        "default": 1
      },
      {
        "type": "range",
        "id": "card_border_opacity",
        "min": 0,
        "max": 100,
        "step": 5,
        "unit": "%",
        "label": "Opacity",
        "default": 10
      },
      {
        "type": "range",
        "id": "card_corner_radius",
        "min": 0,
        "max": 40,
        "step": 2,
        "unit": "px",
        "label": "Corner radius",
        "default": 8
      },
      {
        "type": "header",
        "content": "Card shadow"
      },
      {
        "type": "range",
        "id": "card_shadow_opacity",
        "min": 0,
        "max": 100,
        "step": 5,
        "unit": "%",
        "label": "Opacity",
        "default": 10
      },
      {
        "type": "range",
        "id": "card_shadow_horizontal_offset",
        "min": -40,
        "max": 40,
        "step": 2,
        "unit": "px",
        "label": "Horizontal offset",
        "default": 0
      },
      {
        "type": "range",
        "id": "card_shadow_vertical_offset",
        "min": -40,
        "max": 40,
        "step": 2,
        "unit": "px",
        "label": "Vertical offset",
        "default": 4
      },
      {
        "type": "range",
        "id": "card_shadow_blur",
        "min": 0,
        "max": 40,
        "step": 5,
        "unit": "px",
        "label": "Blur",
        "default": 8
      }
    ]
  },
  {
    "name": "Buttons",
    "settings": [
      {
        "type": "header",
        "content": "Button border"
      },
      {
        "type": "range",
        "id": "buttons_border_thickness",
        "min": 0,
        "max": 12,
        "step": 1,
        "unit": "px",
        "label": "Thickness",
        "default": 1
      },
      {
        "type": "range",
        "id": "buttons_border_opacity",
        "min": 0,
        "max": 100,
        "step": 5,
        "unit": "%",
        "label": "Opacity",
        "default": 100
      },
      {
        "type": "range",
        "id": "buttons_radius",
        "min": 0,
        "max": 40,
        "step": 2,
        "unit": "px",
        "label": "Corner radius",
        "default": 8
      },
      {
        "type": "header",
        "content": "Button shadow"
      },
      {
        "type": "range",
        "id": "buttons_shadow_opacity",
        "min": 0,
        "max": 100,
        "step": 5,
        "unit": "%",
        "label": "Opacity",
        "default": 10
      },
      {
        "type": "range",
        "id": "buttons_shadow_horizontal_offset",
        "min": -40,
        "max": 40,
        "step": 2,
        "unit": "px",
        "label": "Horizontal offset",
        "default": 0
      },
      {
        "type": "range",
        "id": "buttons_shadow_vertical_offset",
        "min": -40,
        "max": 40,
        "step": 2,
        "unit": "px",
        "label": "Vertical offset",
        "default": 2
      },
      {
        "type": "range",
        "id": "buttons_shadow_blur",
        "min": 0,
        "max": 40,
        "step": 5,
        "unit": "px",
        "label": "Blur",
        "default": 4
      }
    ]
  },
  {
    "name": "Cart",
    "settings": [
      {
        "type": "select",
        "id": "cart_type",
        "options": [
          {
            "value": "drawer",
            "label": "Drawer"
          },
          {
            "value": "page",
            "label": "Page"
          }
        ],
        "default": "drawer",
        "label": "Cart type"
      },
      {
        "type": "checkbox",
        "id": "show_cart_note",
        "default": false,
        "label": "Enable cart notes"
      }
    ]
  },
  {
    "name": "Search",
    "settings": [
      {
        "type": "checkbox",
        "id": "predictive_search_enabled",
        "default": true,
        "label": "Enable predictive search"
      }
    ]
  }
]