{
  "sections": {
    "header": {
      "type": "header",
      "settings": {
        "logo_position": "middle-left",
        "menu": "main-menu",
        "menu_type_desktop": "dropdown",
        "sticky_header_type": "on-scroll-up",
        "show_line_separator": true,
        "color_scheme": "background-1"
      }
    },
    "hero_banner": {
      "type": "hero-banner",
      "blocks": [
        {
          "type": "heading",
          "settings": {
            "heading": "Welcome to <strong>xKeyx</strong>",
            "heading_size": "h0"
          }
        },
        {
          "type": "text",
          "settings": {
            "text": "<p>Your ultimate gaming marketplace for the latest games, software, and exclusive deals.</p>",
            "text_style": "body"
          }
        },
        {
          "type": "buttons",
          "settings": {
            "button_label_1": "Browse Games",
            "button_link_1": "/collections/all",
            "button_style_secondary_1": false,
            "button_label_2": "Learn More",
            "button_link_2": "#",
            "button_style_secondary_2": true
          }
        }
      ],
      "settings": {
        "image_height": "large",
        "desktop_content_position": "middle-center",
        "show_text_box": true,
        "desktop_content_alignment": "center",
        "color_scheme": "background-1",
        "mobile_content_alignment": "center",
        "padding_top": 0,
        "padding_bottom": 0
      }
    },
    "xprime_banner": {
      "type": "xprime-banner",
      "settings": {
        "heading": "SEAL+PASS",
        "subheading": "Get access to exclusive games and discounts",
        "price": "€1.99",
        "button_label": "Subscribe Now",
        "color_scheme": "accent-1",
        "padding_top": 40,
        "padding_bottom": 40
      }
    },
    "platform_icons": {
      "type": "platform-icons",
      "settings": {
        "heading": "Available Platforms",
        "padding_top": 36,
        "padding_bottom": 36
      }
    },
    "best_selling_games": {
      "type": "featured-collection",
      "settings": {
        "title": "Best Selling Games",
        "heading_size": "h1",
        "products_to_show": 5,
        "columns_desktop": 5,
        "show_view_all": true,
        "view_all_style": "solid",
        "color_scheme": "background-1",
        "image_ratio": "adapt",
        "columns_mobile": "2",
        "padding_top": 36,
        "padding_bottom": 36
      }
    },
    "gift_cards": {
      "type": "featured-collection",
      "settings": {
        "title": "Best Selling Gift Cards",
        "heading_size": "h1",
        "products_to_show": 5,
        "columns_desktop": 5,
        "show_view_all": true,
        "view_all_style": "solid",
        "color_scheme": "background-1",
        "image_ratio": "adapt",
        "columns_mobile": "2",
        "padding_top": 36,
        "padding_bottom": 36
      }
    },
    "xprime_promo": {
      "type": "xprime-banner",
      "settings": {
        "heading": "SEAL+PASS",
        "subheading": "Premium gaming subscription",
        "price": "$2.09",
        "button_label": "Join XPrime",
        "color_scheme": "accent-2",
        "padding_top": 40,
        "padding_bottom": 40
      }
    },
    "trending_games": {
      "type": "featured-collection",
      "settings": {
        "title": "Trending Games",
        "heading_size": "h1",
        "products_to_show": 5,
        "columns_desktop": 5,
        "show_view_all": true,
        "view_all_style": "solid",
        "color_scheme": "background-1",
        "image_ratio": "adapt",
        "columns_mobile": "2",
        "padding_top": 36,
        "padding_bottom": 36
      }
    },
    "popular_subscriptions": {
      "type": "featured-collection",
      "settings": {
        "title": "Popular Subscriptions",
        "heading_size": "h1",
        "products_to_show": 5,
        "columns_desktop": 5,
        "show_view_all": true,
        "view_all_style": "solid",
        "color_scheme": "background-1",
        "image_ratio": "adapt",
        "columns_mobile": "2",
        "padding_top": 36,
        "padding_bottom": 36
      }
    },
    "premium_software": {
      "type": "featured-collection",
      "settings": {
        "title": "Premium Software",
        "heading_size": "h1",
        "products_to_show": 4,
        "columns_desktop": 4,
        "show_view_all": true,
        "view_all_style": "solid",
        "color_scheme": "background-1",
        "image_ratio": "adapt",
        "columns_mobile": "2",
        "padding_top": 36,
        "padding_bottom": 36
      }
    },
    "upcoming_games": {
      "type": "featured-collection",
      "settings": {
        "title": "Upcoming Games",
        "heading_size": "h1",
        "products_to_show": 5,
        "columns_desktop": 5,
        "show_view_all": true,
        "view_all_style": "solid",
        "color_scheme": "background-1",
        "image_ratio": "adapt",
        "columns_mobile": "2",
        "padding_top": 36,
        "padding_bottom": 36
      }
    },
    "footer": {
      "type": "footer",
      "blocks": [
        {
          "type": "link_list",
          "settings": {
            "heading": "Support Center",
            "menu": "footer"
          }
        },
        {
          "type": "link_list",
          "settings": {
            "heading": "Buy",
            "menu": "footer"
          }
        },
        {
          "type": "text",
          "settings": {
            "heading": "About xKeyx",
            "subtext": "<p>Your ultimate gaming marketplace for the latest games, software, and exclusive deals.</p>"
          }
        },
        {
          "type": "brand_information"
        }
      ],
      "settings": {
        "color_scheme": "background-1",
        "newsletter_enable": true,
        "newsletter_heading": "Stay updated with our newsletter",
        "payment_enable": true
      }
    }
  },
  "order": [
    "header",
    "hero_banner",
    "xprime_banner", 
    "platform_icons",
    "best_selling_games",
    "gift_cards",
    "xprime_promo",
    "trending_games",
    "popular_subscriptions",
    "premium_software",
    "upcoming_games",
    "footer"
  ]
}